 ,,,,,,,,,,,,,,,,,,,,
,,DO NOT EDIT THIS PAGE ,,,,,,,,,,,,,,,,,,
,,,,,,,,,,,,,,,,,,,,
,SPID,SALESFORCE_ACCOUNT_ID,STORE_NAME,ULTIMATE_PARENT_ID,GROUP_NAME,ACCOUNT_TYPE,ACCOUNT_CATEGORY,CUSTOMER_SUCCESS_MANAGER,FIELD_ACCOUNT_MANAGER,OWNER_NAME,STATE,TAX IMPLICATED?,RECRUITMENT METHOD,INCLUDED IN BETA? ,Added/Removed,,,,,
,337667,0014S000007miplQAA,Jim's Auto Sales,382004,Jim's Auto Sales CA,Independent,Independent - Large,Nathan Boucher,,David Nhan,CA,N,Eliza Selection,Y,,,,,,Columns
,279723,0014S000007meDAQAY,Archibald's,279723,Archibald's,Independent,Independent - Large,Jeff Marcellus,,Jeff Marcellus,WA,N,Eliza Selection,Y,,,,,Rows,Values
,414813,0014S000007mVXtQAM,Auto Union Inc-Lebanon,414820,Auto Union Inc Group,Independent,Independent - Large,Katrina Zaid,,Katrina Zaid,TN,N,Eliza Selection,Y,,,,,,
,83363,0014S000007mcIJQAY,Karplus Warehouse,83363,Karplus Warehouse,Independent,Independent - Large,Nathan Boucher,,Nathan Boucher,CA,N,Eliza Selection,Y,,,,,,
,283470,0014S000007mcIBQAY,Greenway Ford,307422,Greenway Auto Group,Franchise - Large,National,,Bryana Hunter,Becka Stewart,FL,N,NSD Selection,N,Removed on 7/1,,,,,
,66205,0014S000007mbRNQAY,Hall Nissan Virginia Beach,339241,MileOne Automotive,Franchise - Large,National,,Jacky Man,Becka Stewart,VA,N,NSD Selection,N,Removed on 7/1,,,,,
,297439,0014S000007maaqQAA,Brandon Honda,381182,Morgan Auto Group,Franchise - Large,National,,Jacky Man,Becka Stewart,FL,N,NSD Selection,Y,,,,,,
,55490,0014S000007mbgSQAQ,Veterans Ford,307422,Greenway Auto Group,Franchise - Large,National,,Bryana Hunter,Becka Stewart,FL,N,NSD Selection,N,Removed on 7/1,,,,,
,297177,0014S000007mdDwQAI,Greenway Kia East,307422,Greenway Auto Group,Franchise - Large,National,,Bryana Hunter,Becka Stewart,FL,N,NSD Selection,N,Removed on 7/1,,,,,
,283315,0014S000007mRTYQA2,Everett Chevrolet Buick GMC Cadillac,387287,Everett Auto Team,Franchise,Franchise - Large,Omar El Yaman,,Carmelo Caraballo,NC,N,Painted Door Test,N,,,,,,
,287317,0014S000007mcOjQAI,Hyundai of Cookeville,341183,AMSI,Franchise - Large,National,,Alex Bettina,Dan Reiss,TN,N,NSD Selection,N,Removed on 7/1,,,,,
,59349,0014S000007mcrmQAA,Crest Honda,339781,Sonic Automotive Corporate Headquarters,Franchise - Large,National,,Chris Collentro,Darren Day,TN,N,NSD Selection,Y,,,,,,
,58736,0014S000007mcs8QAA,Pensacola Honda,339781,Sonic Automotive Corporate Headquarters,Franchise - Large,National,,Chris Collentro,Darren Day,FL,N,NSD Selection,Y,,,,,,
,57180,0014S000007mcrwQAA,Town & Country Ford,339781,Sonic Automotive Corporate Headquarters,Franchise - Large,National,,Chris Collentro,Darren Day,NC,N,NSD Selection,Y,,,,,,
,58650,0014S000007mcL6QAI,Honda of Serramonte,339781,Sonic Automotive Corporate Headquarters,Franchise - Large,National,,Chris Collentro,Darren Day,CA,N,NSD Selection,Y,,,,,,
,54077,0014S000007meLwQAI,Wondries Toyota,441826,Visionary Automotive Group,Franchise,Franchise - Large,,Trevor Shipman,Adam Ewig,CA,N,Painted Door Test,Y,,,,,,
,54534,0014S000007mekEQAQ,Paul Miller Toyota,342047,Paul Miller Auto Group,Franchise,Franchise - Large,,Jordan O'Hare,Bladimir Liriano,NJ,N,Painted Door Test,Y,,,,,,
,282549,0014S000007mbeEQAQ,Burlington Chevrolet,367532,Burlington Automotive Group,Franchise,Franchise - Large,,Emily Wills,Bladimir Liriano,NJ,N,Painted Door Test,N,Removed on 7/1,,,,,
,291629,0014S000007mbkqQAA,Taverna INFINITI North Miami,451301,The Taverna Collection Auto Group,Franchise,Franchise - Large,June Aristy,,Brendan Doherty,FL,N,Painted Door Test,Y,,,,,,
,335671,0014S000007mbMvQAI,Hickory Used Car Superstore,387287,Everett Auto Team,Independent,Franchise - Large,Omar El Yaman,,Carmelo Caraballo,NC,N,Painted Door Test,N,Removed on 7/1,,,,,
,367058,0014S000007mfwNQAQ,Everett Chevrolet GMC of Morganton,387287,Everett Auto Team,Franchise,Franchise - Large,Omar El Yaman,,Carmelo Caraballo,NC,N,Painted Door Test,N,Removed on 7/1,,,,,
,63842,0014S000007mdXBQAY,Hoffman Lexus,365193,Hoffman Auto Group,Franchise,Franchise - Large,,Will Walker,Charlie Segar,CT,N,Painted Door Test,N,Removed on 7/1,,,,,
,66456,0014S000007migNQAQ,Porsche Hartford,365193,Hoffman Auto Group,Franchise,Franchise - Large,,Will Walker,Charlie Segar,CT,N,Painted Door Test,N,Removed on 7/1,,,,,
,60421,0014S000007mfzAQAQ,BMW of Waterbury,365193,Hoffman Auto Group,Franchise,Franchise - Large,,Will Walker,Charlie Segar,CT,N,Painted Door Test,N,Removed on 7/1,,,,,
,282352,0014S000007mdXHQAY,Hoffman Toyota,365193,Hoffman Auto Group,Franchise,Franchise - Large,,Will Walker,Charlie Segar,CT,N,Painted Door Test,N,Removed on 7/1,,,,,
,287086,0014S000007mdXDQAY,Genesis of Avon,365193,Hoffman Auto Group,Franchise,Franchise - Large,,Will Walker,Charlie Segar,CT,N,Painted Door Test,N,Removed on 7/1,,,,,
,66446,0014S000007md3LQAQ,Harte Nissan,369562,Harte Auto Group,Franchise,Franchise - Large,,Odalyz M. Guzman,Charlie Segar,CT,N,Painted Door Test,N,Removed on 7/1,,,,,
,63840,0014S000007mdXCQAY,Hoffman Audi of New London,365193,Hoffman Auto Group,Franchise,Franchise - Large,,Will Walker,Charlie Segar,CT,N,Painted Door Test,N,Removed on 7/1,,,,,
,55378,0014S000007mdXFQAY,Hoffman Ford,365193,Hoffman Auto Group,Franchise,Franchise - Large,,Will Walker,Charlie Segar,CT,N,Painted Door Test,N,Removed on 7/1,,,,,
,67362,0014S000007mbpHQAQ,Harte Infiniti,369562,Harte Auto Group,Franchise,Franchise - Large,,Odalyz M. Guzman,Charlie Segar,CT,N,Painted Door Test,Y,,,,,,
,273996,0014S000007mekaQAA,George Harte Infiniti,369562,Harte Auto Group,Franchise,Franchise - Large,,Odalyz M. Guzman,Charlie Segar,CT,N,Painted Door Test,N,Removed on 7/1,,,,,
,58711,0014S000007mdguQAA,Hoffman Honda,365193,Hoffman Auto Group,Franchise,Franchise - Large,,Will Walker,Charlie Segar,CT,N,Painted Door Test,N,Removed on 7/1,,,,,
,55841,0014S000007mhyVQAQ,Bill Estes Ford,315350,Asbury Automotive Group Inc,Franchise - Large,National,,Alex Bettina,Dan Reiss,IN,N,NSD Selection,N,,,,,,
,287087,0014S000007mdFHQAY,Hoffman Audi of East Hartford,365193,Hoffman Auto Group,Franchise,Franchise - Large,,Will Walker,Charlie Segar,CT,N,Painted Door Test,N,Removed on 7/1,,,,,
,58223,0014S000007mfGkQAI,Front Royal Ford,448619,Aschenbach Auto Group,Franchise,Franchise - Large,Sergey Marchenko,,Chris Bowman,VA,N,Painted Door Test,N,Removed on 7/1,,,,,
,304494,0014S000007mcxyQAA,Lee Johnson Mazda of Kirkland,405101,Lee Johnson Auto Group,Franchise,Franchise - Large,,Ryan LeClair,Cole Lancaster,WA,N,Painted Door Test,N,Removed on 7/1,,,,,
,64657,0014S000007miadQAA,Lee Johnson Mazda of Seattle,405101,Lee Johnson Auto Group,Franchise,Franchise - Large,,Ryan LeClair,Cole Lancaster,WA,N,Painted Door Test,N,Removed on 7/1,,,,,
,412815,0014S000007mVDCQA2,Autoright Motors Lake Stevens,405101,Lee Johnson Auto Group,Independent,Franchise - Large,,Ryan LeClair,Cole Lancaster,WA,N,Painted Door Test,N,Removed on 7/1,,,,,
,289297,0014S000007mczOQAQ,Lee Johnson Auto Family,405101,Lee Johnson Auto Group,Franchise,Franchise - Large,,Ryan LeClair,Cole Lancaster,WA,N,Painted Door Test,Y,,,,,,
,53811,0014S000007mhtUQAQ,Speedway Chevrolet,405101,Lee Johnson Auto Group,Franchise,Franchise - Large,,Ryan LeClair,Cole Lancaster,WA,N,Painted Door Test,Y,,,,,,
,279634,0014S000007meGsQAI,Subaru of Puyallup,367035,Harnish Auto Family,Franchise,Franchise - Large,,Ryan LeClair,Cole Lancaster,WA,N,Painted Door Test,Y,,,,,,
,433241,0014S000007mWYAQA2,Genesis of Kirkland,405101,Lee Johnson Auto Group,Franchise,Franchise - Large,,Ryan LeClair,Cole Lancaster,WA,N,Painted Door Test,N,Removed on 7/1,,,,,
,368892,0014S000007mfVMQAY,Covina Hills Chevrolet,375935,Abel Salazar Group,Franchise,Franchise - Large,Nathan Boucher,,David Nhan,CA,N,Painted Door Test,N,Removed on 7/1,,,,,
,459744,001PX00000RXqV0YAL,Alsbou Motors Santa Ana,433683,Alsbou Motors Group,Independent,Independent - Large,Nathan Boucher,,David Nhan,CA,N,Painted Door Test,Y,,,,,,
,284835,0014S000007md3JQAQ,Mark Miller Toyota,369274,Mark Miller Auto Group,Franchise,Franchise - Large,Caroline Wenndt,,Derek Fung,UT,N,Painted Door Test,Y,,,,,,
,431377,0014S000007mWNRQA2,AUTOS OF CHICAGO,431377,Autos of Chicago,Independent,Independent - Large,Mary Santry,,Ethan Blatt,IL,N,Painted Door Test,Y,,,,,,
,447168,0014S000008p5HcQAI,Carolina Luxury Imports Of Mooresville,455795,Carolina Luxury Imports Group,Independent,Independent - Large,Jeremy Sanchez,,Felipe Nunes,NC,N,Painted Door Test,Y,,,,,,
,279879,0014S000007maVKQAY,Mossy Motors,279879,Mossy Motors,Franchise,Franchise - Small,Bailey Bloyd,,Francesca Wilson,LA,N,Painted Door Test,N,Removed on 7/1,,,,,
,276171,0014S000007meyVQAQ,Gilland Chevrolet GMC,381014,Gilland Auto Group,Franchise,Franchise - Large,Noah Cooper,,George Rahmeh,AL,N,Painted Door Test,Y,,,,,,
,377067,0014S000007ml8tQAA,Underriner Honda of Walla Walla,380524,Underriner Motor Group,Franchise,Franchise - Large,Noah Cooper,,George Rahmeh,WA,N,Painted Door Test,Y,,,,,,
,101337,0014S000007mbxYQAQ,Pueblo Toyota,354420,Pueblo Dodge Toyota Stores,Franchise,Franchise - Small,Mia McAuliffe,,Jack Lavanchy,CO,N,Painted Door Test,Y,,,,,,
,50415,0014S000007mennQAA,Mossy of Picayune,430924,Mossy Nissan of Picayune,Franchise,Franchise - Small,Mia McAuliffe,,Jack Lavanchy,MS,N,Painted Door Test,Y,,,,,,
,54098,0014S000007mf7yQAA,South Coast Toyota,368856,David Wilson Automotive Group,Franchise,Franchise - Large,,Rob Mortenson,James Bunnell,CA,N,Painted Door Test,Y,,,,,,
,289989,0014S000007mdrMQAQ,Phelps Chevrolet,289989,Phelps Chevrolet,Franchise,Franchise - Small,Joan Steck,,John Sweeney,NC,N,Painted Door Test,N,Removed on 7/1,,,,,
,63494,0014S000007miSIQAY,Dutch Miller of Charleston,275259,Dutch Miller Auto Group,Franchise,Franchise - Large,Brendan Saur,,Jonathan Corkum,WV,N,Painted Door Test,N,Removed on 7/1,,,,,
,275253,0014S000007mgn9QAA,Dutch Miller Kia of Barboursville,275259,Dutch Miller Auto Group,Franchise,Franchise - Large,Brendan Saur,,Jonathan Corkum,WV,N,Painted Door Test,N,Removed on 7/1,,,,,
,306754,0014S000007mgMhQAI,Dutch Miller Subaru,275259,Dutch Miller Auto Group,Franchise,Franchise - Large,Brendan Saur,,Jonathan Corkum,WV,N,Painted Door Test,N,Removed on 7/1,,,,,
,61442,0014S000007mbXUQAY,"Cook Motorcars (Chrysler, Dodge, RAM)",148734,Cook Motorcars Limited,Franchise,Franchise - Small,Emma Lyons,,Jose Arana,MD,N,Painted Door Test,Y,,,,,,
,276248,0014S000007mfQoQAI,Mountain View Chevrolet,367525,Mountain View Auto Group,Franchise,Franchise - Large,Casey Smith,,Joseph Molk,TN,N,Painted Door Test,Y,,,,,,
,84329,0014S000007mfWjQAI,Ontario Volkswagen,410003,Ontario Automotive,Franchise,Franchise - Small,Bailey Bloyd,,Kevin Fitzmaurice,CA,N,Painted Door Test,Y,,,,,,
,379256,0014S000007mn8MQAQ,Prestige Motors Pasco,390897,Prestige Motors Group,Independent,Independent - Large,Katrina Zaid,,Kyle DiFilippo,WA,N,Painted Door Test,Y,,,,,,
,311039,0014S000007mfOAQAY,McGrath Acura of Downtown Chicago,408743,Mike McGrath Auto Group,Franchise,Franchise - Large,,Sean Gearin,Macy Babcock,IL,N,Painted Door Test,N,Removed on 7/1,,,,,
,54295,0014S000007mb0SQAQ,Orland Toyota,410994,Kowalis Auto Group,Franchise,Franchise - Large,Gabriel Andre,,Marc Cullen,IL,N,Painted Door Test,Y,,,,,,
,282140,0014S000007mcDBQAY,Lexus of Merrillville,410994,Kowalis Auto Group,Franchise,Franchise - Large,Gabriel Andre,,Marc Cullen,IN,N,Painted Door Test,N,Removed on 7/1,,,,,
,54554,0014S000007mbUZQAY,Casa Chevrolet GMC,379984,Casa Auto Group,Franchise,Franchise - Large,Dawnell Laurent,,Marc Hewett,NM,N,Painted Door Test,N,Removed on 7/1,,,,,
,290383,0014S000007maHiQAI,Carolina Auto Direct,452752,Carolina Auto Direct Group,Independent,Independent - Large,Jen Habib,,Mark Duly,NC,N,Painted Door Test,Y,,,,,,
,49920,0014S000007mgiIQAQ,Graff Chevrolet,376931,Hank Graff,Franchise,Franchise - Large,,Colleen Volpicelli,Mark Gushrowski,MI,N,Painted Door Test,Y,,,,,,
,283972,0014S000007mhDZQAY,Jaguar-Land Rover Lakeside,366889,Elder Auto Group,Franchise,Franchise - Large,,Colleen Volpicelli,Mark Gushrowski,MI,N,Painted Door Test,Y,,,,,,
,408480,0014S000007mUbkQAE,Graff Chrysler Dodge Jeep Ram of Rockford,376931,Hank Graff,Franchise,Franchise - Large,,Colleen Volpicelli,Mark Gushrowski,MI,N,Painted Door Test,N,Removed on 7/1,,,,,
,49888,0014S000007mdAOQAY,Graff Chevrolet of Sandusky,376931,Hank Graff,Franchise,Franchise - Large,,Colleen Volpicelli,Mark Gushrowski,MI,N,Painted Door Test,N,Removed on 7/1,,,,,
,49876,0014S000007mg2aQAA,Graff Chevrolet Durand,376931,Hank Graff,Franchise,Franchise - Large,,Colleen Volpicelli,Mark Gushrowski,MI,N,Painted Door Test,N,Removed on 7/1,,,,,
,114130,0014S000007mjxQQAQ,Kia of Fort Myers,462214,Bill Nero Auto group,Franchise,Franchise - Large,Sebastian Velandia,,Matt Gorman,FL,N,Painted Door Test,Y,,,,,,
,59980,0014S000007maJnQAI,Sunnyside Acura,59980,Sunnyside Acura,Franchise,Franchise - Small,Sebastian Velandia,,Matt Gorman,NH,N,Painted Door Test,Y,,,,,,
,434784,0014S000007mWuCQAU,Mercedes of Fort Walton Beach,389491,ZT Motors,Franchise,Franchise - Large,,Marc Cohen,Michael O'Farrell,FL,N,Painted Door Test,N,,,,,,
,287183,0014S000007mfDwQAI,Maus Acura of North Tampa,389491,ZT Motors,Franchise,Franchise - Large,,Marc Cohen,Michael O'Farrell,FL,N,Painted Door Test,Y,,,,,,
,297590,0014S000007meS4QAI,Maus Nissan,389491,ZT Motors,Franchise,Franchise - Large,,Marc Cohen,Michael O'Farrell,FL,N,Painted Door Test,N,Removed on 7/1,,,,,
,275971,0014S000007mfdNQAQ,Maus Nissan of North Tampa,389491,ZT Motors,Franchise,Franchise - Large,,Marc Cohen,Michael O'Farrell,FL,N,Painted Door Test,Y,,,,,,
,281789,0014S000007memiQAA,Toyota of Cleveland,368385,Bowers Automotive Group,Franchise,Franchise - Large,,Rachel Hroncic,Michael Price,TN,N,Painted Door Test,N,Removed on 7/1,,,,,
,458694,001PX00000O5MBlYAN,Mercedes Benz Palo Alto,402450,Swickard Auto Group,Franchise,Franchise - Large,,Joe Buttel,Michelle Ciricillo,CA,N,Painted Door Test,N,Removed on 7/1,,,,,
,63707,0014S000007mddaQAA,Lexus of Thousand Oaks,402450,Swickard Auto Group,Franchise,Franchise - Large,,Joe Buttel,Michelle Ciricillo,CA,N,Painted Door Test,N,Removed on 7/1,,,,,
,334007,0014S000007miojQAA,BMW of Eugene,402450,Swickard Auto Group,Franchise,Franchise - Large,,Joe Buttel,Michelle Ciricillo,OR,N,Painted Door Test,N,Removed on 7/1,,,,,
,400283,0014S00000AkrKZQAZ,Les Stanford Chevrolet,157248,Metro Detroit Dealers Marketing Association,Franchise,Franchise - Large,,Colleen Volpicelli,Patrick Balakas,MI,N,Painted Door Test,Y,,,,,,
,275282,0014S000007mdDjQAI,Modern INFINITI of Winston Salem,363100,Modern Automotive,Franchise,Franchise - Large,,Gabrielle Grondin,Patrick Van Hoose,NC,N,Painted Door Test,N,Removed on 7/1,,,,,
,275285,0014S000007mdEFQAY,Modern Nissan of Winston Salem,363100,Modern Automotive,Franchise,Franchise - Large,,Gabrielle Grondin,Patrick Van Hoose,NC,N,Painted Door Test,N,Removed on 7/1,,,,,
,342616,0014S000007mdXbQAI,Modern Ford of Boone,363100,Modern Automotive,Franchise,Franchise - Large,,Gabrielle Grondin,Patrick Van Hoose,NC,N,Painted Door Test,N,Removed on 7/1,,,,,
,370399,0014S000007mjySQAQ,Modern Mazda,363100,Modern Automotive,Franchise,Franchise - Large,,Gabrielle Grondin,Patrick Van Hoose,NC,N,Painted Door Test,Y,,,,,,
,380000,0014S000007mnCaQAI,Baja Autos East,406682,Newport Baja Auto Group,Independent,Independent - Large,Maryanne Lunt,,Rachel Fishman,NV,N,Painted Door Test,N,Removed on 7/1,,,,,
,334305,0014S000007maBbQAI,Ronnie Thompson Ford,334305,Ronnie Thompson Ford,Franchise,Franchise - Small,Ariana Capozzi,,Rafael Nunez-Bautista,GA,N,Painted Door Test,N,Removed on 7/1,,,,,
,277660,0014S000007mdjQQAQ,Pundmann Ford,277660,Pundmann Ford,Franchise,Franchise - Small,Ariana Capozzi,,Rafael Nunez-Bautista,MO,N,Painted Door Test,Y,,,,,,
,303618,0014S000007mbzmQAA,Cumming Chevrolet,303618,Cumming Chevrolet,Franchise,Franchise - Small,Nick Rudomin,,Reagan Grady,CA,N,Painted Door Test,N,Removed on 7/1,,,,,
,443635,0014S000007mZwCQAU,BMW of Napa Valley,368470,Premier Companies Auto Group,Franchise,Franchise - Large,,Jonathan Noller,Rebeca Cortazio,CA,N,Painted Door Test,N,Removed on 7/1,,,,,
,67710,0014S000007mcURQAY,Subaru of Keene,281164,Fenton Family Dealerships,Franchise,Franchise - Large,,Odalyz M. Guzman,Rebeca Cortazio,NH,N,Painted Door Test,Y,,,,,,
,59061,0014S000007mdlnQAA,Honda Of Keene,281164,Fenton Family Dealerships,Franchise,Franchise - Large,,Odalyz M. Guzman,Rebeca Cortazio,NH,N,Painted Door Test,Y,,,,,,
,382378,0014S000007mnYJQAY,Toyota of Keene,281164,Fenton Family Dealerships,Franchise,Franchise - Large,,Odalyz M. Guzman,Rebeca Cortazio,NH,N,Painted Door Test,N,Removed on 7/1,,,,,
,312994,0014S000007mfEhQAI,Hyundai of Keene,281164,Fenton Family Dealerships,Franchise,Franchise - Large,,Odalyz M. Guzman,Rebeca Cortazio,NH,N,Painted Door Test,Y,,,,,,
,273827,0014S000007mb2cQAA,Jeep Portsmouth,368470,Premier Companies Auto Group,Franchise,Franchise - Large,,Jonathan Noller,Rebeca Cortazio,NH,N,Painted Door Test,Y,,,,,,
,310521,0014S000007mgbqQAA,Palm Springs Subaru,462545,Hinkle Automotive Group,Franchise,Franchise - Small,Ariana Capozzi,,Robbie Caron,CA,N,Painted Door Test,N,Removed on 7/1,,,,,
,413115,0014S000007mVLMQA2,Mike White Ford Of Coeur d'Alene,451727,Mike White Ford Group,Franchise,Franchise - Small,Ariana Capozzi,,Robbie Caron,ID,N,Painted Door Test,Y,,,,,,
,325533,0014S000007mfrHQAQ,Honor Buick GMC,325533,Honor Buick GMC,Franchise,Franchise - Small,Kate Cooper,,Ryan Sullivan,CA,N,Painted Door Test,Y,,,,,,
,452465,0014S00000DEsOXQA1,CarFive Plaistow,444544,CarFive,Independent,Independent - Large,Vick Halwadjian,,Sam Kost,NH,N,Painted Door Test,Y,,,,,,
,436973,0014S000007mXpuQAE,Walts Live Oak CDJR,436993,Walts Live Oak Group,Franchise,Franchise - Small,Joan Steck,,Samuel Greenwald,FL,N,Painted Door Test,N,,,,,,
,340136,0014S000007mdiEQAQ,MINI of Montgomery County,341406,Passport Auto Group,Franchise,Franchise - Large,,Spencer Strittmatter,Sarah Wickline Jackson,MD,N,Painted Door Test,Y,,,,,,
,67590,0014S000007mdaxQAA,Jim Coleman Infiniti,376654,Jim Coleman Automotive,Franchise,Franchise - Large,,Spencer Strittmatter,Sarah Wickline Jackson,MD,N,Painted Door Test,Y,,,,,,
,283096,0014S000007mafLQAQ,Passport Toyota,341406,Passport Auto Group,Franchise,Franchise - Large,,Spencer Strittmatter,Sarah Wickline Jackson,MD,N,Painted Door Test,Y,,,,,,
,306576,0014S000007mgLIQAY,Passport INFINITI of Suitland,341406,Passport Auto Group,Franchise,Franchise - Large,,Spencer Strittmatter,Sarah Wickline Jackson,MD,N,Painted Door Test,Y,,,,,,
,334514,0014S000007maBwQAI,Passport Nissan Marlow Heights,341406,Passport Auto Group,Franchise,Franchise - Large,,Spencer Strittmatter,Sarah Wickline Jackson,MD,N,Painted Door Test,Y,,,,,,
,367132,0014S000007mepgQAA,Passport Mazda,341406,Passport Auto Group,Franchise,Franchise - Large,,Spencer Strittmatter,Sarah Wickline Jackson,MD,N,Painted Door Test,Y,,,,,,
,66184,0014S000007maI9QAI,Passport Nissan of Alexandria,341406,Passport Auto Group,Franchise,Franchise - Large,,Spencer Strittmatter,Sarah Wickline Jackson,VA,N,Painted Door Test,Y,,,,,,
,336961,0014S000007mbqmQAA,MINI of Alexandria,341406,Passport Auto Group,Franchise,Franchise - Large,,Spencer Strittmatter,Sarah Wickline Jackson,VA,N,Painted Door Test,Y,,,,,,
,68061,0014S000007mcKbQAI,Passport INFINITI of Alexandria,341406,Passport Auto Group,Franchise,Franchise - Large,,Spencer Strittmatter,Sarah Wickline Jackson,VA,N,Painted Door Test,Y,,,,,,
,284188,0014S000007maq3QAA,Sherman Dodge Chrysler Jeep,284188,Sherman Dodge Chrysler Jeep,Franchise,Franchise - Large,Danielle Renino,,Sean Early,IL,N,Painted Door Test,Y,,,,,,
,443402,0014S000007mZofQAE,Rod Hatfield Used Car Factory,392496,Rod Hatfield Auto,Independent,Franchise - Large,Danielle Renino,,Sean Early,KY,N,Painted Door Test,N,Removed on 7/1,,,,,
,66064,0014S000007mifHQAQ,Wolfchase Nissan,376242,Wolfchase Honda Nissan,Franchise,Franchise - Small,Danielle Renino,,Sean Early,TN,N,Painted Door Test,N,Removed on 7/1,,,,,
,66198,0014S000007maSkQAI,Loyalty Nissan Short Pump,386070,Loyalty Auto Group,Franchise,Franchise - Large,,Gabrielle Grondin,Shannon Kelleher,VA,N,Painted Door Test,N,,,,,,
,277332,0014S000007mcmrQAA,Lupient Kia Nissan,374473,Lupient Dealerships,Franchise,Franchise - Large,,Joe Buttel,Stephanie Rowh,MN,N,Painted Door Test,Y,,,,,,
,291060,0014S000007mb7lQAA,Lupient Buick GMC,374473,Lupient Dealerships,Franchise,Franchise - Large,,Joe Buttel,Stephanie Rowh,MN,N,Painted Door Test,Y,,,,,,
,50190,0014S000007mbZNQAY,Lupient Chevrolet,374473,Lupient Dealerships,Franchise,Franchise - Large,,Joe Buttel,Stephanie Rowh,MN,N,Painted Door Test,Y,,,,,,
,67659,0014S000007mbb2QAA,Jim Lupient INFINITI,374473,Lupient Dealerships,Franchise,Franchise - Large,,Joe Buttel,Stephanie Rowh,MN,N,Painted Door Test,Y,,,,,,
,407794,0014S000007mUPtQAM,Lupient Kia Milwaukee,374473,Lupient Dealerships,Franchise,Franchise - Large,,Joe Buttel,Stephanie Rowh,WI,N,Painted Door Test,Y,,,,,,
,407791,0014S000007mUPuQAM,INFINITI Milwaukee,374473,Lupient Dealerships,Franchise,Franchise - Large,,Joe Buttel,Stephanie Rowh,WI,N,Painted Door Test,N,Removed on 7/1,,,,,
,65557,0014S000007midhQAA,McCarthy Blue Springs Hyundai,367675,McCarthy Auto Group,Franchise,Franchise - Large,Sebastian Velandia,,Thomas Silva,MO,N,Painted Door Test,Y,,,,,,
,344517,0014S000007mbWYQAY,Stephens Chrysler Jeep Dodge Ram of Bennington,344516,Stephens CDJ Group,Franchise,Franchise - Small,Emma Lyons,,Will Nadeau,VT,N,Painted Door Test,Y,,,,,,
,53877,0014S000007mhu8QAA,Harry Green Chevrolet Nissan,378550,Harry Green Chevrolet Nissan,Franchise,Franchise - Large,Julian Couture,,Yassine Rhrib,WV,N,Painted Door Test,Y,,,,,,
,306780,0014S000007mdjPQAQ,Harry Green Chrysler Dodge Jeep Ram,378550,Harry Green Chevrolet Nissan,Franchise,Franchise - Large,Julian Couture,,Yassine Rhrib,WV,N,Painted Door Test,Y,,,,,,
,303099,0014S000007mckxQAA,Fiesta Lincoln,376542,Berge Auto Group,Franchise,Franchise - Large,,Trevor Shipman,Adam Ewig,AZ,Y,Painted Door Test,N,,,,,,
,278706,0014S000007mcl0QAA,Berge Toyota,376542,Berge Auto Group,Franchise,Franchise - Large,,Trevor Shipman,Adam Ewig,AZ,Y,Painted Door Test,N,,,,,,
,55030,0014S000007mcl9QAA,Bell Ford,376542,Berge Auto Group,Franchise,Franchise - Large,,Trevor Shipman,Adam Ewig,AZ,Y,Painted Door Test,N,,,,,,
,54029,0014S000007mckyQAA,Desert Toyota of Tucson,376542,Berge Auto Group,Franchise,Franchise - Large,,Trevor Shipman,Adam Ewig,AZ,Y,Painted Door Test,N,,,,,,
,278721,0014S000007mgzGQAQ,Berge Mazda Volkswagen,376542,Berge Auto Group,Franchise,Franchise - Large,,Trevor Shipman,Adam Ewig,AZ,Y,Painted Door Test,N,,,,,,
,338166,0014S000007megRQAQ,Volvo Cars Cape Cod,368470,Premier Companies Auto Group,Franchise,Franchise - Large,,Jonathan Noller,Rebeca Cortazio,MA,Y,Painted Door Test,N,,,,,,
,285439,0014S000007mbVXQAY,Premier Cape Cod,368470,Premier Companies Auto Group,Franchise,Franchise - Large,,Jonathan Noller,Rebeca Cortazio,MA,Y,Painted Door Test,N,,,,,,
,367775,0014S000007megKQAQ,Premier Mazda,368470,Premier Companies Auto Group,Franchise,Franchise - Large,,Jonathan Noller,Rebeca Cortazio,MA,Y,Painted Door Test,N,,,,,,
,151248,0014S000007mdztQAA,Haddad Hyundai,288386,Haddad Dealerships,Franchise,Franchise - Large,Casey Smith,,Joseph Molk,MA,Y,Painted Door Test,N,,,,,,
,348818,0014S000007megNQAQ,Audi Cape Cod,368470,Premier Companies Auto Group,Franchise,Franchise - Large,,Jonathan Noller,Rebeca Cortazio,MA,Y,Painted Door Test,N,,,,,,
,273599,0014S000007mcQZQAY,Country Hyundai,372630,TommyCar Auto Group,Franchise,Franchise - Small,Vick Halwadjian,,Michaela Ames,MA,Y,Painted Door Test,N,,,,,,
,67613,0014S000007mbGaQAI,Haddad Subaru,288386,Haddad Dealerships,Franchise,Franchise - Large,Casey Smith,,Joseph Molk,MA,Y,Painted Door Test,N,,,,,,
,338165,0014S000007meg0QAA,BMW of Cape Cod,368470,Premier Companies Auto Group,Franchise,Franchise - Large,,Jonathan Noller,Rebeca Cortazio,MA,Y,Painted Door Test,N,,,,,,
,405221,0014S000007mU8rQAE,Mercedes-Benz of Springfield,406638,Mercedes-Benz of Nanuet and Springfield,Franchise,Franchise - Small,Caroline Wolfe,,Joe Rufo,MA,Y,Painted Door Test,N,,,,,,
,61598,0014S000007miJXQAY,McGovern CJDR of Boston,391734,Matt McGovern Auto Group,Franchise,Franchise - Large,,Jonathan Noller,Rebeca Cortazio,MA,Y,Painted Door Test,N,,,,,,
,46582,0014S000007meFIQAY,Colonial Ford,305881,Colonial Automotive Group,Franchise,Franchise - Large,,Odalyz M. Guzman,Rebeca Cortazio,MA,Y,Painted Door Test,N,,,,,,
,273673,0014S000007maTOQAY,Audi Norwell,342045,Village Automotive Group,Franchise,Franchise - Large,,Jonathan Noller,Rebeca Cortazio,MA,Y,Painted Door Test,N,,,,,,
,405943,0014S000007mUFVQA2,Volvo Cars Plymouth,368470,Premier Companies Auto Group,Franchise,Franchise - Large,,Jonathan Noller,Rebeca Cortazio,MA,Y,Painted Door Test,N,,,,,,
,454289,001Pp00000EO6YvIAL,Robert Basil Cadillac,368423,Basil Cars Group,Franchise,Franchise - Large,Julian Couture,,Yassine Rhrib,NY,Y,Painted Door Test,N,,,,,,
,51116,0014S000007mcGlQAI,Mohawk Chevrolet,437136,Mohawk Group,Franchise,Franchise - Large,Noah Cooper,,Alex Zeigler,NY,Y,Painted Door Test,N,,,,,,
,193501,0014S000007messQAA,Basil Fredonia,368423,Basil Cars Group,Franchise,Franchise - Large,Julian Couture,,Yassine Rhrib,NY,Y,Painted Door Test,N,,,,,,
,458804,001PX00000OModJYAT,Varsity Auto Group,458812,Grand Auto Group,Independent,Independent - Large,,Aileen Callahan,Chelsea Dorado,NY,Y,Painted Door Test,N,,,,,,
,54590,0014S000007mfaWQAQ,Lia Toyota of Rockland,358036,The Lia Group,Franchise,Franchise - Large,,Odalyz M. Guzman,Charlie Segar,NY,Y,Painted Door Test,N,,,,,,
,57089,0014S000007mesoQAA,Basil Ford,368423,Basil Cars Group,Franchise,Franchise - Large,Julian Couture,,Yassine Rhrib,NY,Y,Painted Door Test,N,,,,,,
,344782,0014S000007mesqQAA,Robert Basil Buick GMC,368423,Basil Cars Group,Franchise,Franchise - Large,Julian Couture,,Yassine Rhrib,NY,Y,Painted Door Test,N,,,,,,
,65688,0014S000007metQQAQ,Nissan of Huntington,386294,PSD Automotive Group,Franchise,Franchise - Large,,Jonathan Noller,Chelsea Dorado,NY,Y,Painted Door Test,N,,,,,,
,57090,0014S000007miEIQAY,Basil Ford of Niagara Falls,368423,Basil Cars Group,Franchise,Franchise - Large,Julian Couture,,Yassine Rhrib,NY,Y,Painted Door Test,N,,,,,,
,204121,0014S000007mfQAQAY,I-90 Nissan,463281,Big Nissan,Franchise,Franchise - Small,Omar El Yaman,,Matt Gulley,OH,Y,Painted Door Test,N,,,,,,
,276628,0014S000007mbyFQAQ,Preston Mazda,341846,Preston Auto Group,Franchise,Franchise - Large,Julian Couture,,Yassine Rhrib,OH,Y,Painted Door Test,N,,,,,,
,444498,0014S000007mYqAQAU,Integrity Ford of Bellefontaine,444569,Integrity Ford Incorporated,Franchise,Franchise - Small,Sebastian Velandia,,Matt Gorman,OH,Y,Painted Door Test,N,,,,,,
,57419,0014S000007meQFQAY,Integrity Ford Incorporated,444569,Integrity Ford Incorporated,Franchise,Franchise - Small,Sebastian Velandia,,Matt Gorman,OH,Y,Painted Door Test,N,,,,,,
,369671,0014S000007mfQhQAI,Vin Devers Autohaus of Sylvania,370983,Vin Devers,Franchise,Franchise - Small,Ariana Capozzi,,Robbie Caron,OH,Y,Painted Door Test,N,,,,,,
,54668,0014S000007marKQAQ,Toyota of Boardman,341846,Preston Auto Group,Franchise,Franchise - Large,Julian Couture,,Yassine Rhrib,OH,Y,Painted Door Test,N,,,,,,
,54663,0014S000007md7IQAQ,Tansky Sawmill Toyota,54663,Tansky Sawmill Toyota,Franchise,Franchise - Small,Kate Cooper,,Brian Farrell,OH,Y,Painted Door Test,N,,,,,,
,276627,0014S000007mbyGQAQ,Preston Hyundai,341846,Preston Auto Group,Franchise,Franchise - Large,Julian Couture,,Yassine Rhrib,OH,Y,Painted Door Test,N,,,,,,
,62864,0014S000007mcncQAA,Lancaster Dodge Ram FIAT,370389,Bergey's Auto Dealers,Franchise,Franchise - Large,,Kyle Scarpaci,Doug Maronic,PA,Y,Painted Door Test,N,,,,,,
,381970,0014S000007mnTmQAI,Thornton Automotive Dover,397656,Thornton Automotive Group,Independent,Independent - Large,,Jordan O'Hare,Doug Maronic,PA,Y,Painted Door Test,N,,,,,,
,54751,0014S000007mclDQAQ,Toyota of Erie,341846,Preston Auto Group,Franchise,Franchise - Large,Julian Couture,,Yassine Rhrib,PA,Y,Painted Door Test,N,,,,,,
,219764,0014S000007mjRkQAI,Hawkins Chevrolet,465260,Hawkins Automotive,Franchise,Franchise - Small,Joan Steck,,Adam Gianan,PA,Y,Painted Door Test,N,,,,,,
,286298,0014S000007maZjQAI,Leif Johnson Ford of Manor,341719,Leif Johnson Group,Franchise,Franchise - Large,,Rachel Hroncic,Kyle Phillips,TX,Y,Painted Door Test,N,,,,,,
,282059,0014S000007mcBxQAI,Vanguard Kia of Arlington,440928,Vanguard Auto Group,Franchise,Franchise - Large,,Lea Sheehan,Katherine Davis,TX,Y,Painted Door Test,N,,,,,,
,58119,0014S000007mabRQAQ,Leif Johnson Ford of Austin,341719,Leif Johnson Group,Franchise,Franchise - Large,,Rachel Hroncic,Kyle Phillips,TX,Y,Painted Door Test,N,,,,,,
,325501,0014S000007miQxQAI,Monahans Chevrolet GMC,341719,Leif Johnson Group,Franchise,Franchise - Large,,Rachel Hroncic,Kyle Phillips,TX,Y,Painted Door Test,N,,,,,,
,302511,0014S000007mgEVQAY,Vanguard Volkswagen of North Austin,440928,Vanguard Auto Group,Franchise,Franchise - Large,,Lea Sheehan,Katherine Davis,TX,Y,Painted Door Test,N,,,,,,
,337241,0014S000007mizdQAA,Blake Fulenwider Chrysler Dodge Jeep RAM Snyder,382172,Blake Fulenwider Automotive Companies,Franchise,Franchise - Small,Jessica Wu,,Gilda Banos,TX,Y,Painted Door Test,N,,,,,,
,64528,0014S000007mia3QAA,Mercedes-Benz of Plano,381409,Ewing Automotive Group,Franchise,Franchise - Large,Phillip Edward,,Justin Gieser,TX,Y,Painted Door Test,N,,,,,,
,430728,0014S000007mWIDQA2,Crest Infiniti,339227,Berkshire Hathaway Automotive,Franchise - Large,National,,Jacky Man,Devon Marcus,TX,Y,NSD Selection,N,,,,,,
,73266,0014S000007mcJYQAY,Larry H. Miller Hyundai Peoria,315350,Asbury Automotive Group Inc,Franchise - Large,National,,Alex Bettina,Dan Reiss,AZ,Y,NSD Selection,N,,,,,,
,60118,0014S000007mevyQAA,Larry H. Miller Dodge Ram Peoria,315350,Asbury Automotive Group Inc,Franchise - Large,National,,Alex Bettina,Dan Reiss,AZ,Y,NSD Selection,N,,,,,,
,57915,0014S000007mcrpQAA,North Central Ford,339781,Sonic Automotive Corporate Headquarters,Franchise - Large,National,,Chris Collentro,Darren Day,TX,Y,NSD Selection,N,,,,,,
,54031,0014S000007mcJhQAI,Larry H. Miller Toyota Peoria,315350,Asbury Automotive Group Inc,Franchise - Large,National,,Alex Bettina,Dan Reiss,AZ,Y,NSD Selection,N,,,,,,
,430727,0014S000007mWICQA2,Crest Cadillac,339227,Berkshire Hathaway Automotive,Franchise - Large,National,,Jacky Man,Devon Marcus,TX,Y,NSD Selection,N,,,,,,
,307876,0014S000007mfxZQAQ,West Knoxville Chrysler Dodge Jeep Ram,304025,Lithia Motors Inc,Franchise - Large,National,,Dylan Protus,Devon Marcus,TN,N,NSD Selection,N,,,,,,
,53465,0014S000007mblhQAA,Reliable Chevrolet Texas,339227,Berkshire Hathaway Automotive,Franchise - Large,National,,Jacky Man,Devon Marcus,TX,Y,NSD Selection,N,,,,,,
,280229,0014S000007mbzLQAQ,Suburban Buick GMC of Troy,304025,Lithia Motors Inc,Franchise - Large,National,,Dylan Protus,Devon Marcus,MI,N,NSD Selection,N,,,,,,
,64879,0014S000007meCFQAY,Nissan of Clovis,304025,Lithia Motors Inc,Franchise - Large,National,,Dylan Protus,Devon Marcus,CA,N,NSD Selection,N,,,,,,
,285008,0014S000007md74QAA,Keyes Lexus,304025,Lithia Motors Inc,Franchise - Large,National,,Dylan Protus,Devon Marcus,CA,N,NSD Selection,N,,,,,,
,438894,0014S000007mXz4QAE,Jeep Only,304025,Lithia Motors Inc,Franchise - Large,National,,Dylan Protus,Devon Marcus,NV,N,NSD Selection,N,,,,,,
,457298,001PX00000JtpuzYAB,Taverna Chrysler Dodge Jeep Ram Fiat,451301,The Taverna Collection Auto Group,Franchise,Franchise - Large,June Aristy,,Brendan Doherty,FL,N,Rep Selection,Y,Added on 6/15,,,,,
,441621,0014S000007mYmTQAU,Palm Beach Mitsubishi,451301,The Taverna Collection Auto Group,Franchise,Franchise - Large,June Aristy,,Brendan Doherty,FL,N,Rep Selection,Y,Added on 6/15,,,,,
,50994,0014S000007mb96QAA,Jim Curley Buick GMC Of Keyport,400687,Jim Curley,Franchise,Franchise - Small,Mia McAuliffe,,Jack Lavanchy,NJ,N,Rep Selection,Y,Added on 6/15,,,,,
,282023,0014S000007met7QAA,Jim Curley Buick GMC,400687,Jim Curley,Franchise,Franchise - Small,Mia McAuliffe,,Jack Lavanchy,NJ,N,Rep Selection,Y,Added on 6/15,,,,,
,335113,0014S000007mcYeQAI,I-Deal Cars LLC,382105,I-Deal Cars Group,Independent,Independent - Large,Katrina Zaid,,Kyle DiFilippo,PA,Y,Rep Selection,,,,,,,
,60672,0014S000007mb3bQAA,Taverna CDJR of Fort Lauderdale,451301,The Taverna Collection Auto Group,Franchise,Franchise - Large,June Aristy,,Brendan Doherty,FL,N,Rep Selection,Y,Added on 6/15,,,,,
,62499,0014S000007mcCzQAI,Bob Caldwell Chrysler Jeep Dodge Ram,62499,Bob Caldwell Chrysler Jeep Dodge Ram,Franchise,Franchise - Large,Caroline Wolfe,,Joe Rufo,OH,Y,Rep Selection,,,,,,,
,55191,0014S000007mckaQAA,Fritts Ford,55191,Fritts Ford,Franchise,Franchise - Small,Caroline Wolfe,,Rob Frey,CA,N,Rep Selection,Y,Added on 7/1,,,,,
,379545,0014S000007mn9hQAA,Auto Lenders Princeton,402943,Auto Lenders Corporate,Independent,Independent - Large,,Emily Wills,Bladimir Liriano,NJ,N,Rep Selection,Y,Added on 7/1,,,,,
,451990,0014S00000DDNWfQAP,Auto Lenders Palm Harbor,402943,Auto Lenders Corporate,Independent,Independent - Large,,Emily Wills,Bladimir Liriano,FL,N,Rep Selection,Y,Added on 7/1,,,,,
,257444,0014S000007mbGwQAI,Heiser Toyota,408971,"Heiser Automotive Group, Parent",Franchise,Franchise - Large,Brendan Saur,,Jonathan Corkum,WI,N,Rep Selection,Y,Added on 7/1,,,,,
,183484,0014S000007mhggQAA,Auto Lenders of Toms River,402943,Auto Lenders Corporate,Independent,Independent - Large,,Emily Wills,Bladimir Liriano,NJ,N,Rep Selection,Y,Added on 7/1,,,,,
,274114,0014S000007mgmVQAQ,Auto Lenders Voorhees,402943,Auto Lenders Corporate,Independent,Independent - Large,,Emily Wills,Bladimir Liriano,NJ,N,Rep Selection,Y,Added on 7/1,,,,,
,53903,0014S000007mhu0QAA,Heiser Chevrolet of West Bend,408971,"Heiser Automotive Group, Parent",Franchise,Franchise - Large,Brendan Saur,,Jonathan Corkum,WI,N,Rep Selection,Y,Added on 7/1,,,,,
,58411,0014S000007mbqsQAA,Heiser Ford Lincoln,408971,"Heiser Automotive Group, Parent",Franchise,Franchise - Large,Brendan Saur,,Jonathan Corkum,WI,N,Rep Selection,Y,Added on 7/1,,,,,
,319372,0014S000007mdREQAY,Baxter Ford Papillion,375987,Baxter Auto Group,Franchise,Franchise - Large,,Joe Buttel,Stephanie Rowh,NE,N,Rep Selection,Y,Added on 7/1,,,,,
,353736,0014S000007mdDaQAI,Ambar Motors Inc,353736,Ambar Motors Inc,Independent,Independent - Large,June Aristy,,Brendan Doherty,FL,N,Rep Selection,Y,Added on 7/1,,,,,
,53919,0014S000007mbqqQAA,"Heiser Chevrolet, Inc.",408971,"Heiser Automotive Group, Parent",Franchise,Franchise - Large,Brendan Saur,,Jonathan Corkum,WI,N,Rep Selection,Y,Added on 7/1,,,,,
,274128,0014S000007mglXQAQ,Auto Lenders of Williamstown,402943,Auto Lenders Corporate,Independent,Independent - Large,,Emily Wills,Bladimir Liriano,NJ,N,Rep Selection,Y,Added on 7/1,,,,,
,274136,0014S000007mgmbQAA,Auto Lenders Egg Harbor Township,402943,Auto Lenders Corporate,Independent,Independent - Large,,Emily Wills,Bladimir Liriano,NJ,N,Rep Selection,Y,Added on 7/1,,,,,
,274157,0014S000007mgmkQAA,Auto Lenders Lakewood,402943,Auto Lenders Corporate,Independent,Independent - Large,,Emily Wills,Bladimir Liriano,NJ,N,Rep Selection,Y,Added on 7/1,,,,,