,,,,,,,,,,,,,,,,
,SPID,SALESFORCE_ACCOUNT_ID,STORE_NAME,ULTIMATE_PARENT_ID,GROUP_NAME,ACCOUNT_CATEGORY,ACCOUNT_TYPE,CUSTOMER_SUCCESS_MANAGER,FIELD_ACCOUNT_MANAGER,OWNER_NAME,STATE,ADDED TO BETA,,,,
,453731,001Pp000009yACGIA2,RDS INEOS Grenadier,346606,RDS Automotive Group,Franchise - Large,Franchise,,Kyle Scarpaci,Doug Maronic,PA,09/11/2026,,,,
,380820,0014S000007mnLOQAY,5280 Motor Company,380820,5280 Motor Company,Independent - Small,Independent,,,Bo Trubiano,CO,08/28/2026,,345476 | 2026-08-27 15:31:45 |,345476,2026-08-27 15:31:45
,353200,0014S000007mjY6QAI,Pasadena Used Cars,353200,Pasadena Used Cars,Independent - Small,Independent,Amanda Regan,,George Balekji,TX,09/08/2026,,| 280435 | 2026-08-27 15:50:57 |,280435,2026-08-27 15:50:57
,290026,0014S000007mdJEQAY,Kunes Chevrolet GMC of Lake Geneva,347349,Kunes' Auto Group,Franchise - Large,Franchise,,Bobby Leo,Brandon Viera,WI,09/14/2026,,| 179206 | 2026-08-27 19:12:09 |,179206,2026-08-27 19:12:09
,213350,0014S000007majWQAQ,Dick Hannah Volkswagen,342644,Dick Hannah Dealerships,Franchise - Large,Franchise,,Ryan LeClair,Keith Baker,WA,09/14/2026,,| 380820 | 2026-08-28 11:40:56 |,380820,2026-08-28 11:40:56
,98120,0014S000007mcgyQAA,Elk Grove Ford,304025,Lithia Motors Inc,Franchise - Large,Franchise,,Jacky Man,Devon Marcus,CA,09/02/2026,,| 417845 | 2026-08-29 09:30:04 |,417845,2026-08-29 9:30:04
,179206,0014S000007mbjDQAQ,Performance Buick GMC,376215,Performance Auto Group,Franchise - Large,Franchise,,Emily Wills,Bladimir Liriano,NJ,08/27/2026,,| 335117 | 2026-08-31 10:44:35 |,335117,2026-08-31 10:44:35
,417845,0014S000007mW3mQAE,Toyota of Ashland,430353,Greens Auto Group,Franchise - Large,Franchise,Caroline Wenndt,,John Teehan,KY,08/29/2026,,| 63305 | 2026-09-01 20:54:32 |,63305,2026-09-01 20:54:32
,47573,0014S000007mgWJQAY,Caposio Buick GMC,465512,Rotolo Group,Franchise - Small,Franchise,Joshua Ameen,,Patrick Williston,CA,09/02/2026,,| 98120 | 2026-09-02 15:50:21 |,98120,2026-09-02 15:50:21
,280435,0014S000007mbwfQAA,King Buick GMC,460832,King Cadillac Buick GMC,Franchise - Small,Franchise,Bailey Bloyd,,Kevin Fitzmaurice,SC,08/27/2026,,| 47573 | 2026-09-02 16:44:08 |,47573,2026-09-02 16:44:08
,463439,001PX00000f9HwTYAU,Carlux Motors LLC,463439,Carlux Motors LLC,Independent - Medium,Independent,Amanda Regan,,Steven Mondloch,KS,09/08/2026,,| 50237 | 2026-09-02 17:28:18 |,50237,2026-09-02 17:28:18
,347388,0014S000007mj2aQAA,Extreme Sport Chassis,376598,Extreme Sport Chassis,Independent - Small,Independent,Sam Papakonstantinou,,James Pirkey,CA,09/18/2026,,| 51955 | 2026-09-05 13:34:03 |,51955,2026-09-05 13:34:03
,465846,001PX00000oQOTMYA4,ABU Anderson,465846,ABU Anderson,Independent - Small,Independent,Jeff Marcellus,,Matt Burns,SC,09/10/2026,,| 463439 | 2026-09-08 16:58:56 |,463439,2026-09-08 16:58:56
,454450,001Pp00000FtV4AIAV,Auto Avenue Cars For Sale,454450,Auto Avenue Cars For Sale,Independent - Small,Independent,Sam Papakonstantinou,,Jake Russell,IL,09/16/2026,,| 353200 | 2026-09-08 18:31:57 |,353200,2026-09-08 18:31:57
,345476,0014S000007mffZQAQ,Pohanka Volkswagen,49706,Pohanka Automotive Group,Franchise - Large,Franchise,,Spencer Strittmatter,Sarah Wickline Jackson,MD,08/27/2026,,| 343618 | 2026-09-09 14:01:50 |,343618,2026-09-09 14:01:50
,51955,0014S000007mf2hQAA,David Stanley Chevrolet Inc,373057,David Stanley Auto Group,Franchise - Large,Franchise,Caroline Wenndt,,John Teehan,OK,09/05/2026,,| 465846 | 2026-09-10 10:21:39 |,465846,2026-09-10 10:21:39
,378591,0014S000007mn5OQAQ,Tindol Subaru,289972,Tindol Ford Subaru Roush,Franchise - Small,Franchise,Danielle Renino,,Robert Stanley,NC,09/15/2026,,| 449418 | 2026-09-10 10:51:49 |,449418,2026-09-10 10:51:49
,276294,0014S000007mgriQAA,Golden Circle Chevrolet Covington,383610,Golden Circle Auto Group,Franchise - Large,Franchise,Sergey Marchenko,,Chris Bowman,TN,09/18/2026,,| 453731 | 2026-09-11 16:20:29 |,453731,2026-09-11 16:20:29
,66517,0014S000007migcQAA,Performance Mitsubishi,358040,Montrose Auto Group,Franchise - Large,Franchise,Brendan Saur,,George Rahmeh,FL,09/15/2026,,| 435453 | 2026-09-12 17:19:42 |,435453,2026-09-12 17:19:42
,343618,0014S000007mbTkQAI,Showroom Auto,343618,Showroom Auto,Independent - Medium,Independent,Jackie Akins,,Sam Mckenzie,NY,09/09/2026,,| 290026 | 2026-09-14 11:28:24 |,290026,2026-09-14 11:28:24
,435453,0014S000007mX5sQAE,Nexton Motors LLC,435453,Nexton Motors LLC,Independent - Medium,Independent,Ali Bruckner,,Michael Hume,IL,09/12/2026,,| 213350 | 2026-09-14 13:07:47 |,213350,2026-09-14 13:07:47
,335117,0014S000007mdQTQAY,Henry Motors South,382770,Henry Motors (Group),Independent - Large,Independent,Phillip Edward,,Eric Cushing,NE,08/31/2026,,| 378591 | 2026-09-15 15:20:54 |,378591,2026-09-15 15:20:54
,455804,001PX00000DnbIQYAZ,Damian Lillard Toyota,455804,Damian Lillard Toyota,Franchise - Small,Franchise,,,Matt Gorman,OR,09/19/2026,,| 66517 | 2026-09-15 17:44:13 |,66517,2026-09-15 17:44:13
,63305,0014S000007mbuZQAQ,Southern Volkswagen Greenbrier,367455,Atlantic Coast Automotive,Franchise - Large,Franchise,,Nate Sousa,Alex Fortunato,VA,09/01/2026,,| 454450 | 2026-09-16 14:20:52 |,454450,2026-09-16 14:20:52
,50237,0014S000007mfT3QAI,Chevrolet of Spring Valley,50237,Penz Automotive Group,Franchise - Large,Franchise,Gabriel Andre,,Marc Cullen,MN,09/02/2026,,| 276294 | 2026-09-18 13:00:30 |,276294,2026-09-18 13:00:30
,,,,,,,,,,,,,,| 347388 | 2026-09-18 18:19:04 |,347388,2026-09-18 18:19:04
,,,,,,,,,,,,,,| 455804 | 2026-09-19 13:33:18,455804,2026-09-19 13:33:18