Store Name,SpID,Added to Beta,
Aston Martin Summit,372364,8/31,All stores added the same date
Audi Arrowhead,278763,8/31,
Audi Bellevue,265263,8/31,
Audi Chicago,282110,8/31,
Audi Fremont,406193,8/31,
Audi Hilton Head,296640,8/31,
Audi Hunt Valley,353635,8/31,
Audi Las Vegas,278875,8/31,
Audi Plano,64524,8/31,
Audi South Orlando,354434,8/31,
Audi Spokane,368312,8/31,
Audi Westmont,63990,8/31,
AutoNation Acura Gulf Freeway,278239,8/31,
AutoNation Acura Hunt Valley,59683,8/31,
AutoNation Acura North Orlando,59653,8/31,
AutoNation Acura South Bay,289503,8/31,
AutoNation Acura Spokane Valley,279707,8/31,
AutoNation Acura Stevens Creek,59915,8/31,
AutoNation Buick GMC Corpus Christi,325491,8/31,
AutoNation Buick GMC Henderson,50854,8/31,
AutoNation Buick GMC Park Meadows,47848,8/31,
AutoNation Buick GMC West,278450,8/31,
AutoNation Buick GMC West Sahara,50869,8/31,
AutoNation Cadillac West Palm Beach,48241,8/31,
AutoNation Chevrolet Airport,48024,8/31,
AutoNation Chevrolet Amarillo,53650,8/31,
AutoNation Chevrolet Arrowhead,290144,8/31,
AutoNation Chevrolet Coral Gables,333638,8/31,
AutoNation Chevrolet Doral,333789,8/31,
AutoNation Chevrolet Gilbert,365605,8/31,
AutoNation Chevrolet Greenacres,333476,8/31,
AutoNation Chevrolet Gulf Freeway,53545,8/31,
AutoNation Chevrolet Mesa,47181,8/31,
AutoNation Chevrolet North,47757,8/31,
AutoNation Chevrolet North Corpus Christi,53624,8/31,
AutoNation Chevrolet North Richland Hills,53520,8/31,
AutoNation Chevrolet Pembroke Pines,333843,8/31,
AutoNation Chevrolet South Clearwater,290549,8/31,
AutoNation Chevrolet South Corpus Christi,353495,8/31,
AutoNation Chevrolet Spokane Valley,288126,8/31,
AutoNation Chevrolet Timonium,148973,8/31,
AutoNation Chevrolet Valencia,47386,8/31,
AutoNation Chevrolet Waco,53539,8/31,
AutoNation Chevrolet West Amarillo,278347,8/31,
AutoNation Chevrolet West Austin,53639,8/31,
AutoNation Chevrolet West Colonial,275827,8/31,
AutoNation Chrysler Dodge Jeep RAM Southwest,334077,8/31,
AutoNation Chrysler Dodge Jeep Ram Canon City,47913,8/31,
AutoNation Chrysler Dodge Jeep Ram FIAT North Columbus,325877,8/31,
AutoNation Chrysler Dodge Jeep Ram Hilton Head,63004,8/31,
AutoNation Chrysler Dodge Jeep Ram Houston,289219,8/31,
AutoNation Chrysler Dodge Jeep Ram Katy,309968,8/31,
AutoNation Chrysler Dodge Jeep Ram North Fort Worth,373608,8/31,
AutoNation Chrysler Dodge Jeep Ram North Phoenix,72129,8/31,
AutoNation Chrysler Dodge Jeep Ram North Richland Hills,374265,8/31,
AutoNation Chrysler Dodge Jeep Ram Pembroke Pines,305323,8/31,
AutoNation Chrysler Dodge Jeep Ram Roseville,305344,8/31,
AutoNation Chrysler Dodge Jeep Ram South Columbus,291845,8/31,
AutoNation Chrysler Dodge Jeep Ram Spring,343825,8/31,
AutoNation Chrysler Dodge Jeep Ram Valencia,303473,8/31,
AutoNation Chrysler Dodge Jeep Ram and FIAT Carlsbad,388128,8/31,
AutoNation Chrysler Jeep Arapahoe,60480,8/31,
AutoNation Chrysler Jeep Broadway,100004,8/31,
AutoNation Chrysler Jeep West,291806,8/31,
AutoNation Dodge RAM Arapahoe,60450,8/31,
AutoNation Dodge Ram Broadway,60451,8/31,
AutoNation Dodge Ram Colorado Springs,286321,8/31,
AutoNation Ford Amherst,57303,8/31,
AutoNation Ford Arlington,57967,8/31,
AutoNation Ford Bellevue,279557,8/31,
AutoNation Ford Bradenton,290104,8/31,
AutoNation Ford Burleson,57968,8/31,
AutoNation Ford Corpus Christi,289965,8/31,
AutoNation Ford Fort Worth,290397,8/31,
AutoNation Ford Frisco,57909,8/31,
AutoNation Ford Gulf Freeway,58019,8/31,
AutoNation Ford Jacksonville,55432,8/31,
AutoNation Ford Katy,290142,8/31,
AutoNation Ford Lincoln Orange Park,290317,8/31,
AutoNation Ford Littleton,55332,8/31,
AutoNation Ford Margate,55467,8/31,
AutoNation Ford Miami,109387,8/31,
AutoNation Ford Mobile,55016,8/31,
AutoNation Ford North Canton,57361,8/31,
AutoNation Ford Panama City,55437,8/31,
AutoNation Ford Sanford,55453,8/31,
AutoNation Ford Scottsdale,54166,8/31,
AutoNation Ford St. Petersburg,275977,8/31,
AutoNation Ford Torrance,278917,8/31,
AutoNation Ford Tustin,279154,8/31,
AutoNation Ford Valencia,55147,8/31,
AutoNation Ford Westlake,57325,8/31,
AutoNation Ford Wolfchase,276317,8/31,
AutoNation Ford of South Fort Worth,57976,8/31,
AutoNation Honda 104,99183,8/31,
AutoNation Honda 385,59359,8/31,
AutoNation Honda Chandler,284886,8/31,
AutoNation Honda Clearwater,58764,8/31,
AutoNation Honda Columbus,58808,8/31,
AutoNation Honda Costa Mesa,288561,8/31,
AutoNation Honda Covington Pike,59360,8/31,
AutoNation Honda Dulles,274964,8/31,
AutoNation Honda East Las Vegas,173908,8/31,
AutoNation Honda Fremont,58659,8/31,
AutoNation Honda Hollywood,58749,8/31,
AutoNation Honda Lewisville,278061,8/31,
AutoNation Honda Miami Lakes,333844,8/31,
AutoNation Honda O'Hare,58825,8/31,
AutoNation Honda Renton,59467,8/31,
AutoNation Honda Roseville,305346,8/31,
AutoNation Honda Sanford,58740,8/31,
AutoNation Honda South Corpus Christi,59407,8/31,
AutoNation Honda Spokane Valley,288174,8/31,
AutoNation Honda Thornton Road,290306,8/31,
AutoNation Honda Tucson Auto Mall,58562,8/31,
AutoNation Honda Valencia,332964,8/31,
AutoNation Honda West Knoxville,59358,8/31,
AutoNation Honda at Bel Air Mall,58546,8/31,
AutoNation Hyundai Carlsbad,64826,8/31,
AutoNation Hyundai Columbia,224088,8/31,
AutoNation Hyundai Columbus,367674,8/31,
AutoNation Hyundai Corpus Christi,244057,8/31,
AutoNation Hyundai Hilton Head,66026,8/31,
AutoNation Hyundai Mall of Georgia,275658,8/31,
AutoNation Hyundai North Richland Hills,280254,8/31,
AutoNation Hyundai O'Hare,123434,8/31,
AutoNation Hyundai Savannah,407233,8/31,
AutoNation Hyundai Tempe,64735,8/31,
AutoNation Hyundai Valencia,280896,8/31,
AutoNation INFINITI Tustin,338278,8/31,
AutoNation Mazda Carlsbad,303630,8/31,
AutoNation Nissan Chandler,278722,8/31,
AutoNation Nissan Memphis,276302,8/31,
AutoNation Nissan Miami,65077,8/31,
AutoNation Nissan Tempe,64727,8/31,
AutoNation Nissan of Pembroke Pines,275862,8/31,
AutoNation Subaru Arapahoe,67338,8/31,
AutoNation Subaru Carlsbad,303634,8/31,
AutoNation Subaru Hilton Head,362877,8/31,
AutoNation Subaru Hunt Valley,306594,8/31,
AutoNation Subaru Roseville,412763,8/31,
AutoNation Subaru Scottsdale,67205,8/31,
AutoNation Subaru Spokane Valley,68104,8/31,
AutoNation Subaru West,67343,8/31,
AutoNation Toyota Arapahoe,54170,8/31,
AutoNation Toyota Buena Park,54060,8/31,
AutoNation Toyota Cerritos,80193,8/31,
AutoNation Toyota Corpus Christi,54811,8/31,
AutoNation Toyota Fort Myers,276018,8/31,
AutoNation Toyota Gulf Freeway,304816,8/31,
AutoNation Toyota Hayward,288154,8/31,
AutoNation Toyota Irvine,54097,8/31,
AutoNation Toyota Las Vegas,174173,8/31,
AutoNation Toyota Leesburg,290137,8/31,
AutoNation Toyota Libertyville,290187,8/31,
AutoNation Toyota Mall of Georgia,54257,8/31,
AutoNation Toyota Pinellas Park,334510,8/31,
AutoNation Toyota South Austin,54809,8/31,
AutoNation Toyota Spokane Valley,279717,8/31,
AutoNation Toyota Tempe,278742,8/31,
AutoNation Toyota Thornton Road,54256,8/31,
AutoNation Toyota Weston,54224,8/31,
AutoNation Toyota White Marsh,149637,8/31,
AutoNation Toyota Winter Park,297159,8/31,
AutoNation Toyota of Newnan,118649,8/31,
AutoNation USA Albuquerque,449761,8/31,
AutoNation USA Austin,449518,8/31,
AutoNation USA Centennial,453800,8/31,
AutoNation USA Chandler,457591,8/31,
AutoNation USA Charleston,445589,8/31,
AutoNation USA Colorado Springs,450930,8/31,
AutoNation USA Corpus Christi,401251,8/31,
AutoNation USA Denton,458612,8/31,
AutoNation USA Denver 104,444339,8/31,
AutoNation USA Denver Broadway,444561,8/31,
AutoNation USA Fort Myers,452658,8/31,
AutoNation USA Gulf Freeway,458710,8/31,
AutoNation USA Henderson,410279,8/31,
AutoNation USA Hilton Head,452045,8/31,
AutoNation USA Houston,302157,8/31,
AutoNation USA Jacksonville,452813,8/31,
AutoNation USA Katy,407752,8/31,
AutoNation USA Kennesaw,448128,8/31,
AutoNation USA Phoenix,407212,8/31,
AutoNation USA Phoenix Avondale,444683,8/31,
AutoNation USA Plano,452812,8/31,
AutoNation USA San Antonio,443500,8/31,
AutoNation USA Sanford,453681,8/31,
AutoNation USA Wesley Chapel,453583,8/31,
AutoNation Volkswagen Carlsbad,442878,8/31,
AutoNation Volkswagen Columbus,60798,8/31,
AutoNation Volkswagen Hilton Head,296642,8/31,
AutoNation Volkswagen Las Vegas,61967,8/31,
AutoNation Volkswagen Mall of Georgia,275657,8/31,
AutoNation Volkswagen Savannah,346404,8/31,
AutoNation Volkswagen Spokane,411436,8/31,
AutoNation Volvo Cars San Jose,279351,8/31,
Autonation Acura Colorado Springs,435849,8/31,
Autonation Acura Colorado Springs,59641,8/31,
BMW Houston,278204,8/31,
BMW of Bel Air,273016,8/31,
BMW of Bellevue,279572,8/31,
BMW of Buena Park,413067,8/31,
BMW of Carlsbad,60142,8/31,
BMW of Dallas/MINI of Dallas,62932,8/31,
BMW of Delray Beach,409760,8/31,
BMW of Fremont,60243,8/31,
BMW of Henderson,288036,8/31,
BMW of Las Vegas,278861,8/31,
BMW of Mountain View,60227,8/31,
BMW of Rockville,283100,8/31,
BMW of Roseville,305345,8/31,
BMW of Towson,61335,8/31,
BMW of Tucson,305340,8/31,
BMW of the Woodlands,278222,8/31,
Bentley Newport Beach,466220,8/31,
House of Imports,63694,8/31,
Jaguar Fort Lauderdale,110394,8/31,
Jaguar Land Rover Bethesda,397843,8/31,
Jaguar Land Rover Hilton Head,226667,8/31,
Jaguar Land Rover Hunt Valley,148989,8/31,
Jaguar Land Rover New Rochelle,274232,8/31,
Jaguar Land Rover South Bay,412271,8/31,
Jaguar Land Rover Spokane,371178,8/31,
Jaguar Land Rover West Houston,416997,8/31,
Jaguar Land Rover White Plains,306168,8/31,
Jaguar Land Rover Woodland Hills,79491,8/31,
Land Rover Fort Lauderdale,59865,8/31,
Land Rover Mt. Kisco,293812,8/31,
Laurel BMW of Westmont,60784,8/31,
Lexus of Cerritos,63695,8/31,
Lexus of Clearwater,290145,8/31,
Lexus of Palm Beach,290146,8/31,
Lexus of Tampa Bay,63915,8/31,
MINI of Las Vegas,278866,8/31,
MINI of Stevens Creek,279339,8/31,
MINI of Towson,275042,8/31,
MINI of the Woodlands,302243,8/31,
Mercedes-Benz Pompano,110369,8/31,
Mercedes-Benz of Bellevue,328801,8/31,
Mercedes-Benz of Chicago,284328,8/31,
Mercedes-Benz of Coconut Creek,281575,8/31,
Mercedes-Benz of Delray,291081,8/31,
Mercedes-Benz of Fremont,333096,8/31,
Mercedes-Benz of Ft. Lauderdale,333475,8/31,
Mercedes-Benz of Greenway,278176,8/31,
Mercedes-Benz of Houston North,278201,8/31,
Mercedes-Benz of Hunt Valley,61421,8/31,
Mercedes-Benz of Marietta,377801,8/31,
Mercedes-Benz of Miami,110114,8/31,
Mercedes-Benz of Naperville,63996,8/31,
Mercedes-Benz of North Orlando,281952,8/31,
Mercedes-Benz of Orlando,333449,8/31,
Mercedes-Benz of Pembroke Pines,110077,8/31,
Mercedes-Benz of Reno,278889,8/31,
Mercedes-Benz of San Jose,63793,8/31,
Mercedes-Benz of Sarasota,114757,8/31,
Mercedes-Benz of South Bay,278921,8/31,
Mercedes-Benz of Stevens Creek,279348,8/31,
Mercedes-Benz of Waco,64550,8/31,
Mercedes-Benz of Wesley Chapel,371156,8/31,
Mercedes-Benz of Westmont,290850,8/31,
Porsche Bellevue,367391,8/31,
Porsche Fremont,66412,8/31,
Porsche Hilton Head,67012,8/31,
Porsche Hunt Valley,283141,8/31,
Porsche Irvine,406844,8/31,
Porsche Newport Beach,279134,8/31,
Porsche Orlando,66509,8/31,
Porsche Plano,67048,8/31,
Valencia BMW,278962,8/31,
"Vista FD, LLC dba Groove Ford",55331,8/31,
"Vista MD, LLC dba Groove Mazda",278403,8/31,