,,,,,,,,,,,,,
,SPID,SALESFORCE_ACCOUNT_ID,STORE_NAME,ULTIMATE_PARENT_ID,GROUP_NAME,ACCOUNT_CATEGORY,ACCOUNT_TYPE,CUSTOMER_SUCCESS_MANAGER,FIELD_ACCOUNT_MANAGER,OWNER_NAME,STATE,ADDED TO BETA,
,290008,0014S000007mcJ1QAI,Mesquite Ford Lincoln RV,344912,Ken Garff Automotive LLC,Franchise - Large,Franchise,,Chris Masters,Darren Day,NV,9/9,All stores added on same date
,376532,0014S000007ml58QAA,Ferrari of Salt Lake City,344912,Ken Garff Automotive LLC,Franchise - Large,Independent,,Chris Masters,Darren Day,UT,9/9,
,59385,0014S000007memLQAQ,Big Star Honda,344912,Ken Garff Automotive LLC,Franchise - Large,Franchise,,Chris Masters,Darren Day,TX,9/9,
,277046,0014S000007mcJ5QAI,Stew Hansen Chrysler Jeep Dodge Ram,344912,Ken Garff Automotive LLC,Franchise - Large,Franchise,,Chris Masters,Darren Day,IA,9/9,
,446182,0014S000008KqhQQAS,Lexus of Santa Barbara,344912,Ken Garff Automotive LLC,Franchise - Large,Franchise,,Chris Masters,Darren Day,CA,9/9,
,303438,0014S000007mgH4QAI,Long Beach Honda,344912,Ken Garff Automotive LLC,Franchise - Large,Franchise,,Chris Masters,Darren Day,CA,9/9,
,278631,0014S000007mcIsQAI,Ken Garff Hyundai Downtown,344912,Ken Garff Automotive LLC,Franchise - Large,Franchise,,Chris Masters,Darren Day,UT,9/9,
,284750,0014S000007mcInQAI,Big Star Chrysler Jeep Dodge RAM Fiat Clear Lake,344912,Ken Garff Automotive LLC,Franchise - Large,Franchise,,Chris Masters,Darren Day,TX,9/9,
,280893,0014S000007mfDAQAY,Ken Garff Volkswagen Gilbert,344912,Ken Garff Automotive LLC,Franchise - Large,Franchise,,Chris Masters,Darren Day,AZ,9/9,
,453753,001Pp00000A1ROnIAN,Ken Garff Hyundai Cheyenne,344912,Ken Garff Automotive LLC,Franchise - Large,Franchise,,Chris Masters,Darren Day,WY,9/9,
,278638,0014S000007mcJ0QAI,Mercedes-Benz of Salt Lake City,344912,Ken Garff Automotive LLC,Franchise - Large,Franchise,,Chris Masters,Darren Day,UT,9/9,
,302965,0014S000007mfU9QAI,Ken Garff Volkswagen Orem,344912,Ken Garff Automotive LLC,Franchise - Large,Franchise,,Chris Masters,Darren Day,UT,9/9,
,302962,0014S000007mgFqQAI,Audi Lehi,344912,Ken Garff Automotive LLC,Franchise - Large,Franchise,,Chris Masters,Darren Day,UT,9/9,
,392033,0014S000007mSJfQAM,Ken Garff Hyundai Surprise,344912,Ken Garff Automotive LLC,Franchise - Large,Franchise,,Chris Masters,Darren Day,AZ,9/9,
,371973,0014S000007mk1IQAQ,Aloha Kia Leeward,344912,Ken Garff Automotive LLC,Franchise - Large,Franchise,,Chris Masters,Darren Day,HI,9/9,
,52999,0014S000007mcJ7QAI,Ken Garff Buick GMC Riverdale,344912,Ken Garff Automotive LLC,Franchise - Large,Franchise,,Chris Masters,Darren Day,UT,9/9,
,278616,0014S000007mexRQAQ,Ken Garff Hyundai Southtowne,344912,Ken Garff Automotive LLC,Franchise - Large,Franchise,,Chris Masters,Darren Day,UT,9/9,
,385625,0014S000007mkB1QAI,West Coast Toyota,344912,Ken Garff Automotive LLC,Franchise - Large,Franchise,,Chris Masters,Darren Day,CA,9/9,
,58613,0014S000007mcJ9QAI,Honda Of The Desert,344912,Ken Garff Automotive LLC,Franchise - Large,Franchise,,Chris Masters,Darren Day,CA,9/9,
,345890,0014S000007mchAQAQ,Stew Hansen Buick GMC,344912,Ken Garff Automotive LLC,Franchise - Large,Franchise,,Chris Masters,Darren Day,IA,9/9,
,340332,0014S000007mdZrQAI,Ken Garff Kia Avondale,344912,Ken Garff Automotive LLC,Franchise - Large,Franchise,,Chris Masters,Darren Day,AZ,9/9,
,55345,0014S000007mg4RQAQ,Ken Garff Ford Greeley,344912,Ken Garff Automotive LLC,Franchise - Large,Franchise,,Chris Masters,Darren Day,CO,9/9,
,433358,0014S000007mWa5QAE,Dewey Auto Outlet,344912,Ken Garff Automotive LLC,Franchise - Large,Independent,,Chris Masters,Darren Day,IA,9/9,
,66149,0014S000007mb2tQAA,Ken Garff Nissan Orem,344912,Ken Garff Automotive LLC,Franchise - Large,Franchise,,Chris Masters,Darren Day,UT,9/9,
,53673,0014S000007mcJDQAY,Ken Garff Chevrolet American Fork,344912,Ken Garff Automotive LLC,Franchise - Large,Franchise,,Chris Masters,Darren Day,UT,9/9,
,61136,0014S000007mcJ3QAI,Southtown Chrysler Dodge Jeep RAM,344912,Ken Garff Automotive LLC,Franchise - Large,Franchise,,Chris Masters,Darren Day,IA,9/9,
,332817,0014S000007mbAJQAY,Big Star Ford,344912,Ken Garff Automotive LLC,Franchise - Large,Franchise,,Chris Masters,Darren Day,TX,9/9,
,284744,0014S000007mcHoQAI,Big Star Buick GMC Baytown,344912,Ken Garff Automotive LLC,Franchise - Large,Franchise,,Chris Masters,Darren Day,TX,9/9,
,302225,0014S000007mblHQAQ,Texan Chrysler Dodge Jeep Ram,344912,Ken Garff Automotive LLC,Franchise - Large,Franchise,,Chris Masters,Darren Day,TX,9/9,
,302271,0014S000007mdIoQAI,Big Star Hyundai,344912,Ken Garff Automotive LLC,Franchise - Large,Franchise,,Chris Masters,Darren Day,TX,9/9,
,290033,0014S000007mah6QAA,Hamer Toyota,344912,Ken Garff Automotive LLC,Franchise - Large,Franchise,,Chris Masters,Darren Day,CA,9/9,
,302826,0014S000007mgFQQAY,Ken Garff Toyota Cheyenne,344912,Ken Garff Automotive LLC,Franchise - Large,Franchise,,Chris Masters,Darren Day,WY,9/9,
,341502,0014S000007mcIpQAI,Culver City Toyota,344912,Ken Garff Automotive LLC,Franchise - Large,Franchise,,Chris Masters,Darren Day,CA,9/9,
,248183,0014S000007mcIwQAI,Ken Garff St. George Ford Lincoln,344912,Ken Garff Automotive LLC,Franchise - Large,Franchise,,Chris Masters,Darren Day,UT,9/9,
,404733,0014S000007mU5CQAU,Ken Garff Honda Orem,344912,Ken Garff Automotive LLC,Franchise - Large,Franchise,,Chris Masters,Darren Day,UT,9/9,
,278652,0014S000007mbruQAA,Ken Garff Ford West Valley,344912,Ken Garff Automotive LLC,Franchise - Large,Franchise,,Chris Masters,Darren Day,UT,9/9,
,277008,0014S000007mcImQAI,Dewey Dodge Chrysler Jeep Ram,344912,Ken Garff Automotive LLC,Franchise - Large,Franchise,,Chris Masters,Darren Day,IA,9/9,
,58163,0014S000007mcJCQAY,Ken Garff Ford American Fork,344912,Ken Garff Automotive LLC,Franchise - Large,Franchise,,Chris Masters,Darren Day,UT,9/9,
,302994,0014S000007mb2uQAA,Ken Garff Honda Downtown,344912,Ken Garff Automotive LLC,Franchise - Large,Franchise,,Chris Masters,Darren Day,UT,9/9,
,64583,0014S000007mcJlQAI,Lexus of Murray,344912,Ken Garff Automotive LLC,Franchise - Large,Franchise,,Chris Masters,Darren Day,UT,9/9,
,55342,0014S000007mcHiQAI,Ken Garff Ford Fort Collins,344912,Ken Garff Automotive LLC,Franchise - Large,Franchise,,Chris Masters,Darren Day,CO,9/9,
,246962,0014S000007mjxcQAA,Land Rover Lehi,344912,Ken Garff Automotive LLC,Franchise - Large,Franchise,,Chris Masters,Darren Day,UT,9/9,
,47194,0014S000007mfBqQAI,Ken Garff Gateway Chevrolet,344912,Ken Garff Automotive LLC,Franchise - Large,Franchise,,Chris Masters,Darren Day,AZ,9/9,
,52864,0014S000007mcJAQAY,Texan Buick GMC,344912,Ken Garff Automotive LLC,Franchise - Large,Franchise,,Chris Masters,Darren Day,TX,9/9,
,279081,0014S000007mcJBQAY,Toyota of the Desert,344912,Ken Garff Automotive LLC,Franchise - Large,Franchise,,Chris Masters,Darren Day,CA,9/9,
,60187,0014S000007mbwTQAQ,BMW of Camarillo,344912,Ken Garff Automotive LLC,Franchise - Large,Franchise,,Chris Masters,Darren Day,CA,9/9,
,291748,0014S000007mcJ2QAI,Stew Hansen Hyundai,344912,Ken Garff Automotive LLC,Franchise - Large,Franchise,,Chris Masters,Darren Day,IA,9/9,
,453752,001Pp00000A1ROmIAN,Ken Garff Ford Cheyenne,344912,Ken Garff Automotive LLC,Franchise - Large,Franchise,,Chris Masters,Darren Day,WY,9/9,
,63754,0014S000007mcJoQAI,Lexus of Oxnard,344912,Ken Garff Automotive LLC,Franchise - Large,Franchise,,Chris Masters,Darren Day,CA,9/9,
,247127,0014S000007mevoQAA,Lexus of Lindon,344912,Ken Garff Automotive LLC,Franchise - Large,Franchise,,Chris Masters,Darren Day,UT,9/9,
,340111,0014S000007mdZqQAI,Ken Garff Kia,344912,Ken Garff Automotive LLC,Franchise - Large,Franchise,,Chris Masters,Darren Day,AZ,9/9,
,52737,0014S000007mc8yQAA,Big Star Cadillac,344912,Ken Garff Automotive LLC,Franchise - Large,Franchise,,Chris Masters,Darren Day,TX,9/9,